 "X",  "Y",  "Z",  "U",  "V",  "W",  "exx",  "eyy",  "exy",  "e1",  "e2",  "gamma",  "sigma",  "x",  "y",  "u",  "v",  "q",  "r",  "q_ref",  "r_ref"
-1.01446,4.21546,-0.00905034,0.000216338,0.000163886,0.000431948,-0.000356087,0.000173022,-2.61136e-05,0.000174308,-0.000357373,-1.5216,0.00246151,41,29,0.0020375,-0.006282,6.99118,-3.3186,6.98444,-3.31687
-0.671736,4.21725,-0.00920977,8.43787e-05,9.54632e-05,0.000284634,-0.000286215,0.000143876,-2.8477e-05,0.000145753,-0.000288092,-1.50497,0.00232625,48,29,0.000101916,-0.00833098,6.93913,-3.231,6.936,-3.23457
-0.329216,4.21912,-0.00980428,-5.38824e-05,4.78234e-05,7.88299e-05,-0.000223726,0.000116716,-3.18128e-05,0.000119663,-0.000226673,-1.47842,0.00243435,55,29,-0.00160397,-0.00661471,6.87354,-3.15073,6.87435,-3.15511
0.0132747,4.2208,-0.0101696,-8.66924e-05,9.4384e-05,-0.000253382,-0.00016856,9.14195e-05,-3.61068e-05,9.6341e-05,-0.000173482,-1.43533,0.00248059,62,29,-0.000488615,-0.00556248,6.80337,-3.06738,6.80666,-3.06968
0.355915,4.22232,-0.00960574,-7.87528e-05,0.000132359,-0.000529948,-0.000120633,6.78698e-05,-4.13284e-05,7.65327e-05,-0.000129296,-1.36418,0.00252351,69,29,0.00114328,-0.00488001,6.73592,-2.98002,6.74059,-2.98082
0.698255,4.22383,-0.00984672,-5.84235e-05,0.000133621,-0.000758726,-7.98244e-05,4.59497e-05,-4.74268e-05,6.18286e-05,-9.57034e-05,-1.24772,0.00259269,76,29,0.0027437,-0.00520477,6.65168,-2.88855,6.65727,-2.89029
1.0402,4.22511,-0.0112685,-6.4258e-05,6.78271e-05,-0.000697662,-4.59676e-05,2.55317e-05,-5.43293e-05,5.48183e-05,-7.52542e-05,-1.07639,0.00262778,83,29,0.00231033,-0.00265072,6.54722,-2.7863,6.55255,-2.78807
-1.01609,3.8895,-0.0077378,0.000276877,0.000118386,3.39252e-05,-0.000313237,0.000130121,3.57185e-06,0.00013015,-0.000313266,1.56274,0.00259688,41,36,0.00543222,-0.00430478,6.96445,-3.6271,6.9587,-3.62647
-0.6733,3.89115,-0.00770129,6.32858e-05,-2.5496e-05,0.00030816,-0.000253607,0.000105955,-5.00931e-06,0.000106025,-0.000253676,-1.55687,0.00223344,48,36,-0.00044751,-0.00636554,6.9151,-3.53431,6.91228,-3.54094
-0.33054,3.89289,-0.00744503,-4.60545e-05,-4.65556e-05,0.000300393,-0.000200932,8.39259e-05,-1.37629e-05,8.45893e-05,-0.000201596,-1.52263,0.00235026,55,36,-0.00263352,-0.00618073,6.86037,-3.45353,6.85982,-3.46084
0.0122033,3.89451,-0.00689878,-6.01281e-05,3.83208e-05,-2.25405e-05,-0.000155064,6.38516e-05,-2.26685e-05,6.61743e-05,-0.000157387,-1.46869,0.00235384,62,36,-0.00117526,-0.00530458,6.80052,-3.37344,6.80199,-3.3772
0.354932,3.89602,-0.00604988,-4.70475e-05,0.000160822,-0.000266628,-0.000115826,4.55533e-05,-3.16974e-05,5.15559e-05,-0.000121828,-1.38364,0.00225979,69,36,0.000402685,-0.00519996,6.73643,-3.29161,6.73895,-3.29079
0.697311,3.89739,-0.00619977,-5.84731e-05,0.000169456,-0.000353253,-8.30071e-05,2.88512e-05,-4.08091e-05,4.21568e-05,-9.63128e-05,-1.25562,0.00225614,76,36,0.00062472,-0.00480846,6.65325,-3.19806,6.65648,-3.19673
1.03984,3.89854,-0.00540446,-8.66782e-05,8.54308e-05,-0.000275705,-5.63603e-05,1.35605e-05,-4.99501e-05,3.95693e-05,-8.23691e-05,-1.09073,0.00228796,83,36,-0.000354114,-0.00282703,6.57242,-3.09695,6.57578,-3.09693
-1.01778,3.56343,-0.00670129,0.000237196,1.24169e-05,0.000174508,-0.000276187,9.77887e-05,3.12771e-05,0.000100386,-0.000278785,1.48793,0.00272622,41,43,0.00390018,-0.000496822,6.93568,-3.93321,6.92989,-3.93282
-0.67495,3.56498,-0.00659257,3.65241e-05,-5.1292e-05,0.000496837,-0.000225122,7.79188e-05,1.69583e-05,7.88649e-05,-0.000226068,1.51507,0.0021942,48,43,-0.00198479,-0.00472524,6.88754,-3.84003,6.88416,-3.84558
-0.332005,3.56659,-0.00569489,-1.07507e-05,-9.48688e-06,0.000433917,-0.000180558,6.02036e-05,3.09889e-06,6.02435e-05,-0.000180598,1.55793,0.00231941,55,43,-0.00262003,-0.00647035,6.84065,-3.75811,6.8386,-3.76381
0.0108772,3.56798,-0.00468418,1.88038e-05,5.67303e-05,0.000115836,-0.000142278,4.44523e-05,-1.02703e-05,4.50154e-05,-0.000142841,-1.51602,0.00233787,62,43,-0.000281427,-0.00451127,6.78662,-3.67192,6.78568,-3.67376
0.353658,3.56936,-0.00369828,2.27811e-05,0.000131493,-5.23361e-05,-0.000110039,3.04753e-05,-2.31163e-05,3.41805e-05,-0.000113744,-1.41186,0.00222554,69,43,0.000727645,-0.00273288,6.72417,-3.58698,6.72401,-3.58434
0.695971,3.57076,-0.00416309,-5.07892e-05,0.000155982,-2.66029e-05,-8.35707e-05,1.80826e-05,-3.54015e-05,2.91964e-05,-9.46845e-05,-1.2666,0.00215606,76,43,-0.000906962,-0.00263314,6.6369,-3.49677,6.63806,-3.4929
1.03868,3.57217,-0.00273472,-9.94775e-05,0.000128963,9.15073e-05,-6.25725e-05,7.08102e-06,-4.70825e-05,3.08176e-05,-8.63091e-05,-1.10384,0.00215832,83,43,-0.00254803,-0.00424029,6.56278,-3.40899,6.56431,-3.40754
-1.01932,3.23705,-0.00518092,0.000143217,-9.10096e-05,0.000470047,-0.000245211,7.45563e-05,5.63345e-05,8.41906e-05,-0.000254845,1.40141,0.00262695,41,50,0.000424488,0.00316817,6.91184,-4.22968,6.90626,-4.22913
-0.676468,3.23864,-0.00505512,3.98451e-05,-3.6409e-05,0.000709424,-0.000200765,5.83145e-05,3.7174e-05,6.35429e-05,-0.000205993,1.43107,0.0021188,48,50,-0.00303295,-0.00334648,6.86536,-4.14286,6.86068,-4.14585
-0.333636,3.24021,-0.00465196,5.81086e-05,6.31944e-05,0.000502617,-0.000162431,4.4043e-05,1.89037e-05,4.57595e-05,-0.000164147,1.48024,0.00223262,55,50,-0.00155664,-0.0057515,6.81352,-4.06116,6.80963,-4.06295
0.00920848,3.24153,-0.00385367,7.34416e-05,9.52646e-05,6.79418e-05,-0.000129934,3.15636e-05,1.57437e-06,3.15789e-05,-0.000129949,1.56105,0.00230588,62,50,0.00111916,-0.00278262,6.75615,-3.97315,6.7543,-3.97179
0.352164,3.24288,-0.00225852,5.68693e-05,9.53618e-05,-0.000222754,-0.000102979,2.06973e-05,-1.4766e-05,2.24358e-05,-0.000104717,-1.4536,0.0022325,69,50,0.00236046,0.000435578,6.69916,-3.88838,6.69921,-3.88456
0.694616,3.24448,-0.00223742,-9.82138e-06,8.53774e-05,-0.000142796,-8.12491e-05,1.12639e-05,-3.00698e-05,2.01786e-05,-9.01638e-05,-1.28259,0.00212744,76,50,0.000569574,0.000377933,6.61764,-3.8085,6.61859,-3.80491
1.03703,3.24621,-0.00199656,-9.00914e-05,9.83099e-05,0.000150026,-6.44032e-05,3.0805e-06,-4.42894e-05,2.50168e-05,-8.63395e-05,-1.11092,0.00209879,83,50,-0.0026552,-0.00335544,6.53099,-3.73321,6.53198,-3.732
-1.02065,2.91062,-0.00293941,0.0001249,-0.000109097,0.000466622,-0.000221879,5.81474e-05,7.6827e-05,7.78405e-05,-0.000241572,1.31987,0.0024708,41,57,7.27373e-05,0.00372269,6.89571,-4.52738,6.89052,-4.52705
-0.677847,2.91233,-0.00305171,6.28832e-05,2.82017e-05,0.000672725,-0.0001819,4.56771e-05,5.41859e-05,5.79201e-05,-0.000194143,1.34858,0.00204993,48,57,-0.00236386,-0.00401088,6.84728,-4.4489,6.84232,-4.44998
-0.335197,2.91389,-0.00340866,6.91337e-05,0.000116997,0.00046074,-0.000147715,3.45819e-05,3.26899e-05,4.02666e-05,-0.0001534,1.39862,0.00214236,55,57,-0.00109494,-0.00545506,6.78681,-4.36786,6.78289,-4.36723
0.00759839,2.91526,-0.00285868,5.08546e-05,8.80863e-05,1.15165e-05,-0.00011901,2.47148e-05,1.24097e-05,2.57785e-05,-0.000120073,1.4853,0.0022241,62,57,0.000969865,-0.00172354,6.72591,-4.2814,6.72481,-4.27942
0.350744,2.9167,-0.000589742,3.43026e-05,4.91654e-05,-0.000359628,-9.54501e-05,1.59268e-05,-6.5893e-06,1.63153e-05,-9.58385e-05,-1.51191,0.00217361,69,57,0.00262664,0.00140599,6.67578,-4.20223,6.67706,-4.19972
0.693335,2.91857,-8.23735e-05,4.23843e-06,4.90387e-05,-0.000367622,-7.66868e-05,8.06618e-06,-2.42458e-05,1.45121e-05,-8.31327e-05,-1.31095,0.00206029,76,57,0.00203515,0.000601394,6.59983,-4.13632,6.60179,-4.13462
1.03568,2.91994,-0.000179301,-6.31657e-05,8.39675e-05,-0.000112635,-6.23504e-05,9.78486e-07,-4.0502e-05,2.07247e-05,-8.20966e-05,-1.11717,0.00202811,83,57,-0.000722612,-0.00261291,6.50935,-4.04881,6.51129,-4.04817
-1.02205,2.58432,-0.00104465,9.8002e-05,-6.68573e-05,-0.000117108,-0.000206241,4.32108e-05,9.04288e-05,7.25431e-05,-0.000235573,1.25714,0.00229068,41,64,0.00264266,0.00179463,6.8724,-4.8299,6.87106,-4.83126
-0.679084,2.58603,-0.000573614,3.66985e-05,4.74716e-05,0.000281441,-0.000168627,3.53747e-05,6.63135e-05,5.50359e-05,-0.000188289,1.28256,0.00193003,48,64,-0.000799407,-0.00388235,6.83142,-4.75662,6.82917,-4.7578
-0.336533,2.58767,-0.00136194,5.42259e-05,0.000133138,0.000233899,-0.000136574,2.80072e-05,4.34015e-05,3.87512e-05,-0.000147318,1.32813,0.00200365,55,64,-0.000187074,-0.00539878,6.76733,-4.67993,6.76498,-4.67916
0.00617995,2.58918,-0.00118661,6.78249e-05,0.000117982,-8.36881e-05,-0.000109745,2.10143e-05,2.17764e-05,2.45455e-05,-0.000113277,1.41004,0.00207079,62,64,0.00181021,-0.00296989,6.7037,-4.60043,6.70282,-4.5987
0.349381,2.59077,0.00124243,4.51629e-05,6.91024e-05,-0.000321693,-8.77886e-05,1.42998e-05,1.5151e-06,1.43223e-05,-8.78111e-05,1.55596,0.00204096,69,64,0.00261978,-0.00100626,6.65591,-4.52884,6.65681,-4.5278
0.692031,2.59273,0.00192021,6.27047e-06,4.71756e-05,-0.000305401,-7.03377e-05,7.76472e-06,-1.73112e-05,1.14297e-05,-7.40026e-05,-1.36216,0.00197489,76,64,0.00172463,-0.00127373,6.58176,-4.46909,6.58338,-4.46919
1.03424,2.59421,0.00123847,-2.68784e-05,7.92953e-05,-0.000277396,-5.70103e-05,1.30737e-06,-3.46362e-05,1.74244e-05,-7.31273e-05,-1.13527,0.00194594,83,64,0.000881781,-0.00254974,6.48433,-4.38755,6.48649,-4.38749
-1.0235,2.25778,0.000616466,0.000135918,-1.97208e-05,-0.000495029,-0.000197782,3.13073e-05,9.55233e-05,6.59108e-05,-0.000232385,1.22325,0.00219616,41,71,0.00542599,-0.000515408,6.8489,-5.12376,6.84894,-5.12643
-0.680249,2.25939,0.00209669,6.6354e-05,8.81384e-05,-0.000248243,-0.000160294,2.79112e-05,7.20467e-05,5.23244e-05,-0.000184708,1.24409,0.00183627,48,71,0.00265325,-0.00345106,6.81789,-5.05268,6.81798,-5.0531
-0.337615,2.26118,0.00157533,8.26975e-05,0.000135803,-0.000185905,-0.000128188,2.40817e-05,4.96361e-05,3.88328e-05,-0.000142939,1.28192,0.00186941,55,71,0.00264837,-0.00412202,6.7573,-4.98488,6.75671,-4.98382
0.00497334,2.26294,0.00122889,0.000110813,0.000118972,-0.000239419,-0.000101133,1.97967e-05,2.83757e-05,2.61239e-05,-0.00010746,1.35141,0.00191002,62,71,0.0035111,-0.00325606,6.68974,-4.91579,6.68888,-4.91471
0.347942,2.26474,0.00270712,4.7703e-05,6.33936e-05,-0.000108617,-7.87874e-05,1.50314e-05,8.34396e-06,1.57677e-05,-7.95238e-05,1.48278,0.00191979,69,71,0.00151667,-0.00326111,6.63281,-4.85117,6.63251,-4.85208
0.690452,2.26675,0.0027844,-3.64704e-05,5.15937e-05,-0.00012933,-6.07956e-05,9.7586e-06,-1.03862e-05,1.12558e-05,-6.22927e-05,-1.42763,0.00190322,76,71,-9.85437e-05,-0.00320513,6.55097,-4.79495,6.5525,-4.79633
1.03264,2.26881,0.00198173,-3.96229e-05,8.99229e-05,-0.000367727,-4.67875e-05,3.94843e-06,-2.77469e-05,1.6176e-05,-5.9015e-05,-1.15572,0.00188456,83,71,0.00108803,-0.00316351,6.45155,-4.74081,6.45448,-4.74113
-1.02517,1.93088,0.00135823,0.00018718,-5.44657e-05,-0.000100668,-0.000191867,2.26731e-05,9.15797e-05,5.64481e-05,-0.000225642,1.21747,0.00223754,41,78,0.00434779,-0.000461001,6.8198,-5.40269,6.81662,-5.40578
-0.681704,1.93251,0.00358953,0.000153866,0.000103038,-0.000338416,-0.00015326,2.29571e-05,7.07012e-05,4.78166e-05,-0.00017812,1.23269,0.00182038,48,78,0.0049368,-0.00253786,6.79503,-5.33818,6.79382,-5.33731
-0.338874,1.93461,0.00376765,0.000147924,0.000126332,-0.000392074,-0.000119932,2.20987e-05,5.05942e-05,3.82782e-05,-0.000136112,1.26128,0.00183356,55,78,0.00509691,-0.00261159,6.74105,-5.2867,6.74027,-5.28505
0.003717,1.93665,0.00338349,0.000133875,0.000110001,-0.000262698,-9.15859e-05,2.01467e-05,3.13335e-05,2.83338e-05,-9.97729e-05,1.31522,0.00183916,62,78,0.00410389,-0.00330498,6.67327,-5.22991,6.67207,-5.22931
0.346399,1.93856,0.00369963,4.74135e-05,6.93004e-05,3.20637e-06,-6.79099e-05,1.71468e-05,1.29897e-05,1.90863e-05,-6.98494e-05,1.42258,0.00185434,69,78,0.000901896,-0.00481464,6.6039,-5.16903,6.60301,-5.17097
0.688731,1.94052,0.00301902,-3.35587e-05,5.77772e-05,-9.23522e-05,-4.8581e-05,1.31416e-05,-4.37024e-06,1.34495e-05,-4.88889e-05,-1.50046,0.0018623,76,78,-0.000244665,-0.00420712,6.51337,-5.11101,6.51466,-5.11303
1.03112,1.9431,0.00292863,-2.47232e-05,8.88505e-05,-0.00036201,-3.32624e-05,8.17095e-06,-2.06831e-05,1.67283e-05,-4.18198e-05,-1.1785,0.0019012,83,78,0.0013636,-0.00311754,6.42197,-5.08337,6.42457,-5.08367
-1.02681,1.60399,0.00212098,0.000204377,-0.000146139,0.000656331,-0.000179997,9.41808e-06,8.2082e-05,4.00381e-05,-0.000210617,1.21374,0.00234226,41,85,0.000643797,0.00184082,6.79233,-5.68478,6.78454,-5.68753
-0.68329,1.6061,0.00452526,0.000180441,4.19525e-05,1.73951e-05,-0.000141924,1.34582e-05,6.50834e-05,3.71167e-05,-0.000165583,1.22214,0.00183867,48,85,0.00358637,-0.000876778,6.76755,-5.64262,6.76379,-5.64177
-0.3405,1.60839,0.00449884,0.00014137,7.273e-05,-0.000174765,-0.000108972,1.59563e-05,4.85359e-05,3.25965e-05,-0.000125613,1.24051,0.00180491,55,85,0.00381415,-0.00123083,6.70991,-5.60029,6.70802,-5.59896
0.00202449,1.61042,0.00379288,0.000107166,7.91506e-05,-0.000110213,-8.08734e-05,1.69942e-05,3.24904e-05,2.67983e-05,-9.06775e-05,1.27773,0.00178457,62,85,0.00275018,-0.0028776,6.63776,-5.54451,6.63625,-5.54439
0.344657,1.61217,0.00384681,6.01471e-05,8.52939e-05,-4.90651e-05,-5.73485e-05,1.66496e-05,1.69952e-05,2.03662e-05,-6.10651e-05,1.3555,0.00178693,69,85,0.00143562,-0.00526508,6.56506,-5.47857,6.56421,-5.48042
0.686896,1.61405,0.00273996,2.77392e-05,9.6782e-05,-0.000182233,-3.81079e-05,1.49961e-05,2.09672e-06,1.50788e-05,-3.81906e-05,1.53139,0.00181581,76,85,0.00147707,-0.00503942,6.47057,-5.41888,6.47113,-5.42034
1.02933,1.61666,0.00278151,2.15427e-05,0.000106387,-0.000310292,-2.28501e-05,1.21039e-05,-1.21605e-05,1.59183e-05,-2.66645e-05,-1.26685,0.00193505,83,85,0.00203104,-0.0039928,6.38106,-5.39435,6.38244,-5.39466
-1.02862,1.27752,0.00220261,0.000174549,-0.000129467,0.000919406,-0.000163721,-2.13953e-06,6.62736e-05,2.15654e-05,-0.000187425,1.22729,0.00235436,41,92,-0.00137742,0.001824,6.75387,-5.98521,6.7452,-5.98667
-0.685066,1.28002,0.00467626,0.000121823,6.74311e-06,0.000196518,-0.000127236,4.53367e-06,5.48541e-05,2.43797e-05,-0.000147082,1.22365,0.00182399,48,92,0.00143334,-0.000234842,6.72889,-5.96016,6.72532,-5.95969
-0.342407,1.28231,0.00408136,6.85695e-05,4.94712e-05,3.09265e-05,-9.52069e-05,9.37487e-06,4.34435e-05,2.50669e-05,-0.000110899,1.22417,0.00174723,55,92,0.00122571,-0.0014043,6.66484,-5.91826,6.66329,-5.91755
7.83679e-05,1.28416,0.00315693,6.08147e-05,8.84479e-05,8.7875e-05,-6.74159e-05,1.24997e-05,3.20681e-05,2.37765e-05,-7.86927e-05,1.23265,0.00175223,62,92,0.000744513,-0.00366524,6.5907,-5.85722,6.58901,-5.857
0.34295,1.28572,0.00406336,7.35793e-05,0.000128641,6.93479e-05,-4.36357e-05,1.4019e-05,2.07535e-05,2.07124e-05,-5.03291e-05,1.25881,0.00176911,69,92,0.00109104,-0.00535072,6.52797,-5.78994,6.52616,-5.78977
0.685382,1.28763,0.00364422,5.57443e-05,0.000125847,-9.53963e-05,-2.36306e-05,1.40392e-05,9.52472e-06,1.63106e-05,-2.59019e-05,1.3367,0.00179082,76,92,0.0016023,-0.00470209,6.44106,-5.73462,6.44053,-5.73431
1.02783,1.28949,0.00365512,4.58236e-05,0.000104529,-0.000226619,-7.15528e-06,1.26631e-05,-1.59391e-06,1.27905e-05,-7.28266e-06,-1.49105,0.00193577,83,92,0.00208298,-0.00453599,6.35071,-5.67828,6.35114,-5.67902
-1.03038,0.951251,0.00241836,0.000170861,-0.000122044,0.000557364,-0.000147862,-9.99059e-06,4.44791e-05,3.1134e-06,-0.000160966,1.28429,0.00220495,41,99,0.000516953,0.00368599,6.71405,-6.29657,6.70743,-6.29675
-0.686695,0.953836,0.00531857,6.26466e-05,-6.48565e-05,5.86958e-06,-0.000112984,-1.6423e-06,3.99677e-05,1.12191e-05,-0.000125845,1.25947,0.00171656,48,99,0.00126786,0.002481,6.69352,-6.27608,6.69219,-6.27632
-0.344036,0.95601,0.00466122,4.10991e-05,4.62118e-05,-4.15011e-05,-8.15911e-05,4.63856e-06,3.4881e-05,1.69816e-05,-9.39341e-05,1.23069,0.00164291,55,99,0.00105569,-0.000957504,6.62997,-6.23225,6.62937,-6.23139
-0.00152425,0.957811,0.00377394,4.81729e-05,0.000100082,0.000145069,-5.3532e-05,8.992e-06,2.92287e-05,2.05276e-05,-6.50676e-05,1.1949,0.00171357,62,99,0.000185195,-0.00364644,6.55719,-6.17193,6.55543,-6.17106
0.34138,0.959435,0.00475034,7.87059e-05,0.000120494,0.0001095,-2.86468e-05,1.15535e-05,2.30209e-05,2.20145e-05,-3.91077e-05,1.14428,0.001763,69,99,0.00099988,-0.00396328,6.49548,-6.10968,6.49331,-6.10837
0.683918,0.961367,0.00468003,5.76202e-05,7.9316e-05,-9.05453e-05,-6.77063e-06,1.24544e-05,1.62681e-05,2.17377e-05,-1.60539e-05,1.05224,0.00176106,76,99,0.00163617,-0.00242865,6.41207,-6.05771,6.41144,-6.05705
1.02694,0.9628,0.006842,4.50264e-05,3.55683e-05,-0.000307754,1.22675e-05,1.18226e-05,8.98099e-06,2.10288e-05,3.06131e-06,0.773015,0.00185803,83,99,0.0025055,-0.00254435,6.34434,-5.9889,6.34524,-5.99072
-1.03254,0.624949,0.0010139,0.00017268,-0.000117922,0.000288621,-0.000133185,-1.4101e-05,1.98214e-05,-1.08884e-05,-0.000136397,1.41012,0.00209226,41,106,0.00202789,0.00612624,6.65714,-6.60525,6.65193,-6.60346
-0.688347,0.627215,0.00578974,2.26637e-05,-0.000122975,-1.32088e-05,-9.99601e-05,-4.76404e-06,2.24105e-05,2.4783e-07,-0.000104972,1.35078,0.0016205,48,106,0.000570275,0.00460295,6.65746,-6.57522,6.65702,-6.57581
-0.345338,0.629394,0.00641279,1.18106e-06,-8.17173e-06,9.58305e-06,-6.91975e-05,2.52257e-06,2.39162e-05,9.76623e-06,-7.64412e-05,1.2767,0.0015891,55,106,-2.1913e-05,0.000523544,6.60822,-6.53628,6.60814,-6.53607
-0.00278161,0.631438,0.00565163,2.32063e-05,3.93533e-05,0.000207116,-4.07994e-05,7.88768e-06,2.43338e-05,1.79642e-05,-5.08759e-05,1.1782,0.00167524,62,106,-0.000636379,-0.00145289,6.53724,-6.48906,6.53561,-6.48839
0.33994,0.633314,0.0058716,4.69477e-05,6.48949e-05,0.00014981,-1.4665e-05,1.14561e-05,2.36595e-05,2.54205e-05,-2.86294e-05,1.0376,0.00171595,69,106,0.000162656,-0.00124908,6.46707,-6.4385,6.46527,-6.4367
0.682499,0.635264,0.00582624,2.95321e-05,6.5659e-05,-8.81036e-05,9.3083e-06,1.33489e-05,2.18905e-05,3.33121e-05,-1.06549e-05,0.831413,0.00170324,76,106,0.00106897,-0.000637993,6.38374,-6.3902,6.38362,-6.3883
1.02631,0.636424,0.011024,2.1999e-05,6.59574e-05,-0.000382278,3.12259e-05,1.36843e-05,1.9025e-05,4.34045e-05,1.50575e-06,0.569411,0.00175987,83,106,0.00244811,-0.00103263,6.34856,-6.32006,6.35029,-6.31922
-1.03429,0.298809,0.00113575,0.000157484,1.10202e-05,-5.50629e-06,-0.00011475,-1.75454e-05,-2.4462e-06,-1.74839e-05,-0.000114812,-1.54565,0.0020351,41,113,0.0032683,0.00200588,6.61642,-6.92449,6.6132,-6.92209
-0.689883,0.300446,0.00663041,-3.33573e-06,-9.25441e-05,5.20273e-05,-8.47971e-05,-7.36547e-06,6.38001e-06,-6.8433e-06,-8.53193e-05,1.48913,0.00155869,48,113,-0.000330381,0.00250636,6.62608,-6.87025,6.62585,-6.8715
-0.34658,0.302596,0.00832578,-3.30535e-05,-6.47333e-05,0.000150072,-5.62481e-05,1.06624e-06,1.38092e-05,4.21988e-06,-5.94017e-05,1.34627,0.0015902,55,113,-0.00146813,0.00134952,6.58878,-6.83402,6.5886,-6.83503
-0.00406867,0.304982,0.00734468,7.2256e-08,-3.27808e-05,0.000321539,-2.90507e-05,7.8314e-06,1.9818e-05,1.64611e-05,-3.76804e-05,1.16011,0.00169909,62,113,-0.00170241,0.000578374,6.51556,-6.80333,6.51374,-6.80339
0.338311,0.307127,0.0061947,2.32209e-05,5.7569e-06,0.000205544,-3.15337e-06,1.30087e-05,2.43853e-05,3.06171e-05,-2.07618e-05,0.945398,0.00173319,69,113,-0.000601159,0.000782824,6.43016,-6.76357,6.42851,-6.76208
0.680794,0.309118,0.00579592,1.99922e-05,6.95869e-05,-0.000113813,2.14941e-05,1.66741e-05,2.74919e-05,4.66814e-05,-8.51322e-06,0.741678,0.00169857,76,113,0.00101888,0.000137408,6.34277,-6.71955,6.34298,-6.71676
1.02473,0.310448,0.0113941,1.62513e-05,0.000134625,-0.000400261,4.49406e-05,1.89012e-05,2.91202e-05,6.38192e-05,2.26501e-08,0.575178,0.00171886,83,113,0.00244004,-0.000618167,6.31211,-6.66168,6.31402,-6.65756
-1.03546,-0.027764,0.00336382,0.000130679,0.000154572,-0.000142766,-9.13007e-05,-2.0789e-05,-1.89938e-05,-1.59981e-05,-9.60915e-05,-1.32372,0.00206074,41,120,0.00340652,-0.00426872,6.59919,-7.23057,6.59736,-7.22873
-0.691199,-0.0264693,0.00823984,-5.10523e-06,-4.71094e-05,0.000141964,-6.67974e-05,-1.07261e-05,-5.4825e-06,-1.01951e-05,-6.73284e-05,-1.47424,0.00161409,48,120,-0.000874423,-0.00032058,6.60369,-7.16236,6.60303,-7.16434
-0.348006,-0.0243081,0.00945678,-6.15863e-05,-0.000113161,0.000214584,-4.24491e-05,-1.90121e-06,6.55932e-06,-8.6653e-07,-4.34838e-05,1.41434,0.00163753,55,120,-0.00239785,0.00165596,6.56044,-7.12676,6.5605,-7.12935
-0.00562169,-0.0217838,0.00793775,-4.02788e-05,-0.000103286,0.000235497,-1.82551e-05,5.71174e-06,1.7087e-05,1.45986e-05,-2.71419e-05,1.0912,0.00172127,62,120,-0.00206298,0.00205385,6.48027,-7.10281,6.47976,-7.10455
0.336648,-0.0194075,0.00631105,6.62055e-06,-2.94855e-05,5.25411e-05,5.77981e-06,1.21367e-05,2.60586e-05,3.521e-05,-1.72935e-05,0.846085,0.00175078,69,120,-0.000127966,0.00159604,6.38982,-7.07458,6.38937,-7.0741
0.679056,-0.0172173,0.00556377,5.28089e-05,7.75732e-05,-0.000319425,2.96451e-05,1.73953e-05,3.34343e-05,5.7511e-05,-1.04705e-05,0.694807,0.00170976,76,120,0.00277211,0.0001892,6.29936,-7.04122,6.30007,-7.03851
1.02177,-0.0156076,0.00633873,6.54e-05,0.000155176,-0.000427603,5.33243e-05,2.15078e-05,3.91764e-05,7.96992e-05,-4.86707e-06,0.592536,0.00171911,83,120,0.00358944,-0.00070934,6.21763,-6.98738,6.21869,-6.98255
-1.03664,-0.354689,0.00546252,4.60615e-05,0.00018764,-0.000305969,-6.34896e-05,-2.44021e-05,-2.90127e-05,-8.96452e-06,-7.89272e-05,-1.0818,0.00205754,41,127,0.00252799,-0.00729777,6.57912,-7.52166,6.57997,-7.52179
-0.692725,-0.35325,0.00898394,-1.90391e-05,-6.18828e-05,1.16714e-05,-4.60827e-05,-1.52685e-05,-1.28247e-05,-1.06293e-05,-5.07219e-05,-1.22371,0.00165732,48,127,-0.000471418,-0.00105244,6.57044,-7.45891,6.57082,-7.46253
-0.349729,-0.350955,0.00939341,-4.55641e-05,-0.000142065,4.35355e-05,-2.74839e-05,-6.76681e-06,1.98515e-06,-6.5783e-06,-2.76724e-05,1.47612,0.00167952,55,127,-0.00116488,0.00149117,6.51874,-7.42918,6.51946,-7.43354
-0.00746874,-0.348375,0.00733612,-2.45034e-05,-0.000103921,-9.42873e-05,-7.74091e-06,1.08508e-06,1.53689e-05,1.2662e-05,-1.93179e-05,0.925206,0.00173526,62,127,-1.29456e-06,0.00116576,6.43177,-7.40878,6.43282,-7.41218
0.334712,-0.345886,0.00530684,3.88466e-05,-1.59371e-05,-0.000286182,1.30883e-05,8.26714e-06,2.72803e-05,3.80644e-05,-1.67089e-05,0.741331,0.00173964,69,127,0.00230528,0.00020616,6.33719,-7.38667,6.33804,-7.38777
0.677185,-0.343558,0.00474983,0.000113569,5.98912e-05,-0.0005811,3.49353e-05,1.4757e-05,3.76741e-05,6.38478e-05,-1.41555e-05,0.654568,0.00169667,76,127,0.0053863,0.000146583,6.24985,-7.36187,6.25083,-7.36051
1.01852,-0.341341,9.46585e-05,0.00012384,9.36916e-05,-0.000460668,5.77207e-05,2.05302e-05,4.65057e-05,8.9211e-05,-1.09601e-05,0.59521,0.00170729,83,127,0.00496665,0.000940341,6.1105,-7.32458,6.11057,-7.32075
-1.0386,-0.681789,0.0045238,-3.16286e-05,0.000154896,-0.000327777,-3.47487e-05,-3.11273e-05,-3.76082e-05,4.71377e-06,-7.05898e-05,-0.809453,0.0021396,41,134,0.00106325,-0.00669403,6.52675,-7.8018,6.5293,-7.8027
-0.694794,-0.679791,0.00759355,3.02036e-05,-5.39929e-05,-0.000170525,-2.49864e-05,-2.1593e-05,-1.96695e-05,-3.54715e-06,-4.30322e-05,-0.828422,0.00167063,48,134,0.00151195,-0.000922999,6.51499,-7.76446,6.51538,-7.76803
-0.351861,-0.677337,0.00769984,5.46039e-05,-0.000110886,-0.000156136,-1.27755e-05,-1.22116e-05,-2.86637e-06,-9.61338e-06,-1.53738e-05,-0.834421,0.00166049,55,134,0.00193525,0.000287055,6.46091,-7.74247,6.46074,-7.7472
-0.00970984,-0.674704,0.00515694,4.17607e-05,-6.34476e-05,-0.000273896,1.80826e-06,-3.038e-06,1.2763e-05,1.23761e-05,-1.36058e-05,0.691586,0.0016939,62,134,0.00228545,-0.00107006,6.36802,-7.72489,6.36879,-7.72923
0.332503,-0.672235,0.00317975,5.16173e-05,-4.22938e-06,-0.000430816,1.8675e-05,5.87115e-06,2.718e-05,4.01969e-05,-1.56507e-05,0.669737,0.00167151,69,134,0.00330875,-0.00183773,6.27309,-7.70336,6.27454,-7.70633
0.675023,-0.669895,0.00273445,0.000120238,3.8047e-05,-0.000674723,3.77209e-05,1.44567e-05,4.0345e-05,6.80772e-05,-1.58996e-05,0.645047,0.00164556,76,134,0.00600552,-0.00039145,6.18712,-7.68163,6.18852,-7.68191
1.01586,-0.667295,-0.00389857,0.000138095,4.07896e-05,-0.000436736,5.88269e-05,2.26574e-05,5.22168e-05,9.60019e-05,-1.45177e-05,0.618693,0.00169087,83,134,0.00513637,0.00197004,6.02722,-7.65917,6.02686,-7.65646
-1.04094,-1.00859,0.00210857,-4.75654e-05,0.000103134,-0.000445787,-6.78102e-06,-3.68163e-05,-4.78068e-05,2.83114e-05,-7.19088e-05,-0.633213,0.00229489,41,141,0.00137758,-0.00571794,6.45907,-8.09254,6.46261,-8.09486
-0.696981,-1.00623,0.00568459,0.000103353,-2.2848e-06,-0.000368609,-5.44271e-06,-2.59821e-05,-2.83326e-05,1.4424e-05,-4.58488e-05,-0.611529,0.00168326,48,141,0.00405838,-0.0022053,6.4543,-8.07528,6.45433,-8.07841
-0.354076,-1.00369,0.00562255,0.00013593,-7.25805e-06,-0.000340804,-4.32522e-07,-1.49313e-05,-9.64067e-06,4.38028e-06,-1.97441e-05,-0.463022,0.00159583,55,141,0.00456635,-0.0021967,6.39862,-8.05999,6.39785,-8.06327
-0.011864,-1.00102,0.00324488,6.43569e-05,4.1079e-05,-0.000385752,8.17108e-06,-3.75284e-06,8.24313e-06,1.23823e-05,-7.96408e-06,0.472313,0.00159818,62,141,0.00332698,-0.00358433,6.30674,-8.04644,6.30768,-8.04916
0.330404,-0.998493,0.00141448,6.18682e-06,6.1723e-05,-0.000413355,2.02718e-05,7.46308e-06,2.52905e-05,3.99562e-05,-1.22214e-05,0.66139,0.00157603,69,141,0.00227748,-0.00367847,6.21275,-8.02925,6.21502,-8.03123
0.672989,-0.996184,0.00115383,4.64989e-05,7.10311e-05,-0.000551323,3.57562e-05,1.8625e-05,4.14701e-05,6.95361e-05,-1.51549e-05,0.683556,0.0016,76,141,0.00384095,-0.00161576,6.12877,-8.00816,6.13097,-8.00797
1.01408,-0.993948,-0.00459825,0.000119804,5.21414e-05,-0.000434365,5.44928e-05,2.96395e-05,5.6747e-05,0.000100158,-1.60256e-05,0.677608,0.00169417,83,141,0.00474321,0.0012506,5.97873,-7.97391,5.97873,-7.97141
-1.0431,-1.33512,0.000300105,-2.11513e-05,3.72683e-05,-0.000196286,1.65929e-05,-3.63214e-05,-5.36076e-05,4.99167e-05,-6.96452e-05,-0.556168,0.00228912,41,148,0.000581939,-0.0043517,6.40107,-8.39819,6.40267,-8.40139
-0.698954,-1.33253,0.00452939,0.000131211,7.0173e-05,-0.000386774,9.617e-06,-2.56987e-05,-3.37052e-05,3.00096e-05,-4.60913e-05,-0.54411,0.00172068,48,148,0.00471256,-0.00417185,6.40201,-8.39582,6.40158,-8.39789
-0.355866,-1.33007,0.00510067,0.000160404,0.000106077,-0.000448032,7.44919e-06,-1.4568e-05,-1.41782e-05,1.43908e-05,-2.15096e-05,-0.455293,0.00161186,55,148,0.00562583,-0.00466063,6.35261,-8.3813,6.35193,-8.38251
-0.0135639,-1.32756,0.00300709,6.74598e-05,0.000118046,-0.000458519,1.00173e-05,-3.0422e-06,4.9656e-06,1.16909e-05,-4.7158e-06,0.325081,0.00158504,62,148,0.00377819,-0.00440367,6.2635,-8.36448,6.26477,-8.3649
0.328734,-1.32497,0.00123578,-2.98751e-05,9.7273e-05,-0.000359599,1.72281e-05,8.76604e-06,2.37147e-05,3.70863e-05,-1.10921e-05,0.69712,0.00157374,69,148,0.00126512,-0.00341538,6.17005,-8.35154,6.17273,-8.35162
0.671346,-1.32259,0.00101993,-1.33751e-05,9.1861e-05,-0.000478918,2.8969e-05,2.07438e-05,4.20529e-05,6.71099e-05,-1.73971e-05,0.736655,0.00160318,76,148,0.00223623,-0.00195521,6.08615,-8.3347,6.08914,-8.33379
1.01303,-1.32036,-0.00247241,9.08881e-05,8.00598e-05,-0.000556785,4.51062e-05,3.27775e-05,5.99587e-05,9.92166e-05,-2.13329e-05,0.734173,0.00164842,83,148,0.00478364,6.86773e-05,5.96012,-8.30593,5.96143,-8.30366
-1.04501,-1.6615,-0.000643776,4.35787e-05,-2.72263e-05,7.53307e-05,3.36925e-05,-3.11642e-05,-5.14781e-05,6.21048e-05,-5.95765e-05,-0.504325,0.00221959,41,155,0.000456585,-0.00226645,6.3535,-8.71449,6.35226,-8.71777
-0.7007,-1.65903,0.00416485,0.000143745,8.56739e-05,-0.00032891,1.94006e-05,-2.26787e-05,-3.29458e-05,3.74518e-05,-4.07299e-05,-0.501234,0.00172777,48,155,0.00466424,-0.00386261,6.35842,-8.71154,6.3574,-8.71253
-0.357553,-1.65667,0.00489996,0.000171761,0.00013746,-0.000540352,1.08283e-05,-1.34096e-05,-1.43874e-05,1.75207e-05,-2.01019e-05,-0.435385,0.00166641,55,155,0.00635803,-0.00430477,6.30986,-8.69536,6.30946,-8.69506
-0.0151526,-1.65428,0.00312482,0.0001012,0.000109407,-0.000539322,7.90964e-06,-3.46878e-06,4.21799e-06,9.3027e-06,-4.86184e-06,0.318988,0.00166003,62,155,0.00491354,-0.00269589,6.22466,-8.67603,6.22567,-8.67526
0.327302,-1.65172,0.00190027,-6.7705e-07,5.64336e-05,-0.000364753,1.05559e-05,7.03228e-06,2.28858e-05,3.17476e-05,-1.41595e-05,0.746983,0.00164161,69,155,0.00190954,-0.00101496,6.13745,-8.66486,6.13953,-8.66424
0.669951,-1.64913,0.00178315,-1.23162e-05,7.47619e-05,-0.000405195,1.86575e-05,1.7982e-05,4.16263e-05,5.99474e-05,-2.33079e-05,0.781341,0.00161683,76,155,0.00187454,-0.00135746,6.05448,-8.65816,6.05703,-8.6572
1.01237,-1.64675,0.00113967,5.64167e-05,8.07391e-05,-0.0005532,3.20824e-05,2.9268e-05,6.04436e-05,9.11352e-05,-2.97848e-05,0.77376,0.00162516,83,155,0.00404863,-0.00102409,5.95829,-8.64231,5.9603,-8.64108
-1.04699,-1.98817,-0.0018885,0.000106024,-5.0015e-05,-4.38964e-05,4.44252e-05,-2.06496e-05,-4.31846e-05,6.5958e-05,-4.21824e-05,-0.462546,0.00212678,41,162,0.00238373,-0.000890034,6.30032,-9.02006,6.29846,-9.02317
-0.702777,-1.98566,0.00246621,0.000142365,8.50764e-05,-0.000348887,2.47088e-05,-1.60925e-05,-2.74937e-05,3.85439e-05,-2.99277e-05,-0.466214,0.00169853,48,162,0.00476243,-0.00203421,6.29953,-9.02098,6.29861,-9.02017
-0.359444,-1.9833,0.00385149,0.00014297,0.000104297,-0.000490484,1.11501e-05,-1.03893e-05,-1.15085e-05,1.61421e-05,-1.53813e-05,-0.409275,0.00170009,55,162,0.00552607,-0.00188542,6.25786,-9.00779,6.25772,-9.0063
-0.0169162,-1.98092,0.00250317,8.49485e-05,2.87737e-05,-0.000408001,3.67805e-06,-3.63313e-06,4.83909e-06,6.08712e-06,-6.0422e-06,0.461915,0.00172454,62,162,0.00390274,-4.46553e-05,6.17797,-8.98935,6.17855,-8.98901
0.325708,-1.97845,0.00187535,3.62092e-05,-4.11977e-05,-0.000269756,2.1992e-06,4.08159e-06,2.16113e-05,2.47722e-05,-1.84914e-05,0.80716,0.00170255,69,162,0.00217133,0.00113518,6.09804,-8.97652,6.09883,-8.97765
0.668401,-1.97587,0.00186752,1.95434e-05,-1.00055e-05,-0.00029833,6.59941e-06,1.26593e-05,3.88647e-05,4.8612e-05,-2.93533e-05,0.8243,0.00163906,76,162,0.00197244,0.000522783,6.01617,-8.97185,6.01746,-8.97235
1.01135,-1.97363,0.00322091,3.55118e-05,3.13674e-05,-0.000387834,1.67425e-05,2.20024e-05,5.66495e-05,7.6083e-05,-3.73381e-05,0.808594,0.00161856,83,162,0.00275751,-0.000251899,5.94086,-8.95682,5.94235,-8.95653
-1.04904,-2.31488,-0.0034969,5.17679e-05,7.61469e-06,-0.000214139,4.82033e-05,-1.05639e-05,-3.69708e-05,6.60451e-05,-2.84057e-05,-0.449624,0.00207766,41,169,0.00219613,-0.00122595,6.24051,-9.32647,6.24068,-9.32781
-0.704948,-2.31227,0.000339128,7.21169e-05,6.73455e-05,-0.000328185,2.46352e-05,-8.76842e-06,-2.34872e-05,3.67535e-05,-2.08867e-05,-0.476329,0.00165855,48,169,0.00323543,-0.000147727,6.2348,-9.33197,6.23515,-9.32995
-0.361466,-2.30982,0.00223131,5.33601e-05,6.7494e-05,-0.000310227,7.42679e-06,-5.6402e-06,-9.52904e-06,1.2447e-05,-1.06605e-05,-0.484886,0.00167389,55,169,0.00274859,-0.000241458,6.19916,-9.32505,6.1998,-9.32307
-0.0188024,-2.30747,0.00134413,-2.03952e-06,-1.2733e-05,-0.000146893,-3.48898e-06,-1.24511e-06,5.01754e-06,2.7744e-06,-7.50849e-06,0.89539,0.00172617,62,169,0.000745632,0.000898012,6.12475,-9.30744,6.12561,-9.30735
0.323836,-2.305,0.000709645,-1.15881e-05,-7.87495e-05,1.43222e-05,-8.20021e-06,4.34844e-06,2.026e-05,1.92835e-05,-2.31352e-05,0.935559,0.00172958,69,169,-0.000306791,0.00147883,6.04561,-9.29624,6.04577,-9.29802
0.66648,-2.30243,0.0004492,-8.89563e-06,-4.44092e-05,-2.57334e-05,-6.81426e-06,1.10694e-05,3.62996e-05,3.95123e-05,-3.52571e-05,0.906161,0.00166052,76,169,-4.45996e-05,0.000708918,5.96128,-9.29262,5.96161,-9.29382
1.01012,-2.30042,0.00443643,-1.81266e-05,2.31229e-05,-7.3949e-05,5.40725e-07,1.88433e-05,5.32302e-05,6.37031e-05,-4.43191e-05,0.870525,0.00162165,83,169,1.2117e-05,-0.000730572,5.91422,-9.27511,5.91502,-9.27501
-1.05075,-2.64177,-0.00389371,-2.10911e-05,4.75016e-05,5.48142e-05,4.45699e-05,-1.61051e-06,-3.17785e-05,6.07611e-05,-1.78017e-05,-0.471221,0.00194982,41,176,-0.000735145,-0.00154953,6.19596,-9.62871,6.19609,-9.62816
-0.706689,-2.639,-0.000219114,-2.98529e-06,2.97789e-05,-6.74109e-05,1.87036e-05,-2.33592e-06,-1.99976e-05,3.07796e-05,-1.4412e-05,-0.543264,0.00160272,48,176,0.00030923,0.000563553,6.18839,-9.64101,6.18881,-9.63932
-0.363409,-2.63639,0.000847731,-1.80663e-05,5.48319e-05,-5.0574e-05,-9.2727e-07,-1.77569e-06,-7.70653e-06,6.36671e-06,-9.06968e-06,-0.757903,0.00162815,55,176,-9.58768e-05,-0.00032214,6.14382,-9.64136,6.14445,-9.63947
-0.0207237,-2.63401,-1.86263e-05,-4.55586e-05,2.19532e-05,0.000102199,-1.43785e-05,2.87102e-08,5.2582e-06,1.74366e-06,-1.60934e-05,1.25553,0.0017,62,176,-0.00147562,-0.000569634,6.07011,-9.62771,6.07046,-9.62714
0.321898,-2.63159,-0.000779151,-4.5598e-05,-3.01743e-05,0.000237319,-2.17241e-05,3.0323e-06,1.90537e-05,1.33755e-05,-3.20673e-05,1.07346,0.00171585,69,176,-0.00219534,-0.000657666,5.98959,-9.61632,5.98919,-9.61779
0.664455,-2.62907,-0.00143763,-5.11824e-05,-1.40538e-05,0.000228348,-2.30546e-05,7.18636e-06,3.38307e-05,2.91219e-05,-4.49901e-05,0.995554,0.00165844,76,176,-0.0022562,-0.000784091,5.90089,-9.61222,5.90065,-9.61316
1.00786,-2.6268,0.00154988,-5.38084e-05,5.16666e-05,0.000203908,-1.84778e-05,1.24375e-05,4.97334e-05,4.90601e-05,-5.51005e-05,0.93607,0.00163404,83,176,-0.00217683,-0.00158713,5.8433,-9.60614,5.84324,-9.60517
-1.05222,-2.96853,-0.0034477,-5.93205e-05,8.75779e-05,0.000101991,3.29919e-05,6.34277e-06,-2.97289e-05,5.22457e-05,-1.29111e-05,-0.574719,0.00184193,41,183,-0.00177476,-0.00263713,6.16013,-9.93883,6.16078,-9.93759
-0.708245,-2.96586,-0.000145772,-4.18301e-05,2.33799e-05,8.01431e-05,6.72678e-06,3.1616e-06,-1.87755e-05,2.38041e-05,-1.39157e-05,-0.738069,0.00157357,48,183,-0.00129221,-0.00123494,6.1489,-9.94527,6.14932,-9.94536
-0.365243,-2.96309,-0.000192891,-4.80619e-05,4.87645e-05,0.000171574,-1.36414e-05,1.06012e-06,-7.43078e-06,4.16163e-06,-1.6743e-05,-1.17539,0.00164632,55,183,-0.00191109,-0.00212838,6.09278,-9.95269,6.09281,-9.95245
-0.0225907,-2.96051,-0.00123938,-4.682e-05,7.43544e-05,0.000252287,-2.81601e-05,2.79135e-08,4.51408e-06,7.33163e-07,-2.88653e-05,1.41582,0.00172342,62,183,-0.00231318,-0.00272238,6.01733,-9.95158,6.01688,-9.95073
0.320072,-2.958,-0.00190238,-3.81461e-05,3.60747e-05,0.000272887,-3.68902e-05,4.99175e-08,1.72629e-05,6.86127e-06,-4.37016e-05,1.19498,0.00172198,69,183,-0.00223693,-0.00204852,5.93742,-9.94707,5.93666,-9.9471
0.662683,-2.95557,-0.00240895,-4.85848e-05,2.98116e-05,0.000289901,-3.99045e-05,1.10588e-06,3.10146e-05,1.77809e-05,-5.65796e-05,1.07748,0.0016705,76,183,-0.00252717,-0.0013582,5.85035,-9.9416,5.8497,-9.94118
1.00559,-2.95321,-0.00141562,-3.64328e-05,7.46835e-05,0.000229801,-3.72885e-05,3.16923e-06,4.5963e-05,3.31579e-05,-6.72772e-05,0.992698,0.00166363,83,183,-0.00195645,-0.00178813,5.77117,-9.93743,5.7706,-9.93566
-1.05391,-3.29521,-0.00388366,1.12345e-05,0.000164053,0.000103735,1.48369e-05,1.46765e-05,-3.07513e-05,4.55081e-05,-1.59947e-05,-0.784095,0.00189471,41,190,-0.000362021,-0.00528695,6.11663,-10.2517,6.11585,-10.2499
-0.71001,-3.29269,-0.000938299,4.13877e-05,3.75717e-05,0.000129881,-9.7064e-06,8.31427e-06,-2.00758e-05,2.1309e-05,-2.27012e-05,-0.996332,0.00160466,48,190,0.000125863,-0.00279883,6.10192,-10.2522,6.10039,-10.2532
-0.367229,-3.28982,-0.00188608,3.58973e-05,8.24589e-06,0.000304201,-2.89566e-05,2.87029e-06,-9.24743e-06,5.36208e-06,-3.14484e-05,-1.30759,0.00166376,55,190,-0.000904849,-0.00170076,6.03645,-10.2641,6.03404,-10.2649
-0.0245329,-3.28709,-0.00282033,2.12729e-05,2.69658e-05,0.000287358,-4.29581e-05,-1.62431e-06,1.98335e-06,-1.52936e-06,-4.30531e-05,1.52296,0.00169452,62,190,-0.00110028,-0.00127692,5.96138,-10.2721,5.95935,-10.2717
0.318292,-3.28452,-0.0029129,-3.09241e-07,1.86831e-05,0.000185357,-5.17637e-05,-5.14547e-06,1.38637e-05,-1.33415e-06,-5.5575e-05,1.30251,0.00166734,69,190,-0.000990187,-0.00068127,5.88637,-10.2741,5.88533,-10.2737
0.66107,-3.28213,-0.00283459,-3.07358e-05,-4.42416e-06,0.000125854,-5.54318e-05,-7.67741e-06,2.66392e-05,4.21926e-06,-6.73285e-05,1.15079,0.00162139,76,190,-0.00128685,0.00034565,5.80477,-10.2698,5.80467,-10.2694
1.00331,-3.27982,-0.0044792,-2.86744e-05,1.11172e-05,5.53839e-05,-5.4028e-05,-9.21403e-06,4.05535e-05,1.47111e-05,-7.79531e-05,1.03779,0.00166914,83,190,-0.000873443,0.000105099,5.69657,-10.2598,5.69683,-10.2591
-1.05568,-3.6218,-0.00472964,9.56966e-05,0.000211757,-0.000257356,-4.20177e-06,2.1778e-05,-3.39666e-05,4.51538e-05,-2.75776e-05,-0.968033,0.0019573,41,197,0.00331138,-0.00499862,6.06698,-10.5703,6.06648,-10.5669
-0.711951,-3.61929,-0.00246477,0.000110467,7.3478e-05,-5.23579e-05,-2.63082e-05,1.07247e-05,-2.29062e-05,2.16626e-05,-3.7246e-05,-1.12531,0.00170926,48,197,0.00250981,-0.00338461,6.04545,-10.5702,6.04354,-10.5706
-0.369175,-3.61647,-0.00349104,9.28889e-05,1.54591e-05,0.000225078,-4.3949e-05,6.01542e-07,-1.19872e-05,3.62215e-06,-4.69696e-05,-1.32395,0.00169532,55,197,0.000676868,-0.00213581,5.97938,-10.5812,5.97628,-10.5824
-0.0264296,-3.61368,-0.00429479,4.02312e-05,-2.21681e-06,0.000208937,-5.71685e-05,-8.51313e-06,-9.31961e-07,-8.49529e-06,-5.71863e-05,-1.55165,0.00167816,62,197,-0.000299471,-0.00119645,5.90495,-10.5932,5.90298,-10.5941
0.316571,-3.61107,-0.00376816,-9.93098e-06,-1.63537e-05,7.20925e-05,-6.60147e-05,-1.65526e-05,1.05398e-05,-1.44004e-05,-6.8167e-05,1.36936,0.0016285,69,197,-0.000587004,-0.000150958,5.83588,-10.6003,5.83568,-10.601
0.659452,-3.60868,-0.00334369,-5.2277e-05,-7.19346e-05,-2.73492e-05,-7.05374e-05,-2.34639e-05,2.27116e-05,-1.42929e-05,-7.97084e-05,1.18702,0.0015872,76,197,-0.000912543,0.00202206,5.75754,-10.5982,5.75874,-10.5993
1.00118,-3.60592,-0.00704542,-6.04046e-05,-8.19747e-05,-8.77838e-05,-7.07888e-05,-2.92094e-05,3.58703e-05,-8.53959e-06,-9.14586e-05,1.04803,0.00166718,83,197,-0.000762556,0.00220025,5.62694,-10.6054,5.62865,-10.6067
-1.0578,-3.94861,-0.00693239,8.7826e-05,0.000129756,-0.000397848,-2.06433e-05,3.003e-05,-3.61109e-05,4.88061e-05,-3.94195e-05,-1.09131,0.00202485,41,204,0.0039223,-0.00242349,6.00179,-10.8767,6.00222,-10.8744
-0.714136,-3.94599,-0.00499499,8.52034e-05,5.11604e-05,-3.43002e-05,-4.09348e-05,1.1913e-05,-2.41474e-05,2.12847e-05,-5.03065e-05,-1.20059,0.0018177,48,204,0.00190293,-0.00260576,5.97721,-10.8833,5.9757,-10.8838
-0.371272,-3.94317,-0.00574694,7.0017e-05,3.27605e-05,0.000207214,-5.75321e-05,-4.96046e-06,-1.27494e-05,-2.03169e-06,-6.04608e-05,-1.345,0.00174449,55,204,0.000299911,-0.00293969,5.91394,-10.8973,5.9114,-10.8985
-0.0284397,-3.94038,-0.00627625,-7.94057e-06,9.40982e-06,0.000339073,-7.04825e-05,-2.04682e-05,-1.61787e-06,-2.04159e-05,-7.05348e-05,-1.53849,0.00172459,62,204,-0.00198689,-0.00277049,5.84277,-10.9107,5.84107,-10.9126
0.314647,-3.93774,-0.00547541,-6.86059e-05,-1.86209e-05,0.000311935,-7.98358e-05,-3.45057e-05,9.5552e-06,-3.25739e-05,-8.17676e-05,1.37131,0.00170636,69,204,-0.00306136,-0.00108984,5.77708,-10.9219,5.77672,-10.9232
0.657567,-3.93519,-0.00495941,-0.00012729,-7.56288e-05,0.000127622,-8.56418e-05,-4.69892e-05,2.1087e-05,-3.77119e-05,-9.49191e-05,1.15633,0.00168002,76,204,-0.00326274,0.00175565,5.69896,-10.9291,5.70079,-10.9303
0.999319,-3.93184,-0.00860757,-0.000146427,-7.43362e-05,-9.15285e-05,-8.79514e-05,-5.78584e-05,3.33029e-05,-3.63607e-05,-0.000109449,0.997576,0.00171731,83,204,-0.00250223,0.00190825,5.56797,-10.9637,5.57144,-10.9651
-1.06056,-4.27578,-0.011679,6.45286e-06,1.47392e-05,-0.000186526,-3.68166e-05,4.97618e-05,-3.08446e-05,5.96265e-05,-4.66814e-05,-1.26126,0.00216213,41,211,0.00113854,0.000225316,5.90915,-11.1643,5.91005,-11.1638
-0.716955,-4.27301,-0.0100138,-3.62912e-06,-1.63054e-06,0.000198863,-5.62459e-05,2.17388e-05,-1.86586e-05,2.59732e-05,-6.04803e-05,-1.34764,0.00203937,48,211,-0.00114678,-0.000824981,5.88163,-11.1809,5.8806,-11.1815
-0.373942,-4.27012,-0.010267,-3.06567e-05,6.26627e-05,0.000366859,-7.24739e-05,-4.41104e-06,-7.54694e-06,-3.58427e-06,-7.33007e-05,-1.46168,0.00193887,55,211,-0.00260839,-0.00362867,5.82316,-11.2015,5.82176,-11.2019
-0.0311159,-4.26738,-0.010894,-8.5472e-05,5.73728e-05,0.00061234,-8.55542e-05,-2.85375e-05,2.82268e-06,-2.83981e-05,-8.56936e-05,1.52145,0.00195758,62,211,-0.00503197,-0.0046868,5.752,-11.2148,5.75034,-11.2161
0.311933,-4.26471,-0.0103115,-7.03173e-05,2.60108e-05,0.000619297,-9.55428e-05,-5.05136e-05,1.27981e-05,-4.71304e-05,-9.89261e-05,1.31235,0.00196959,69,211,-0.00473105,-0.00278934,5.68566,-11.2291,5.68361,-11.2298
0.654866,-4.26196,-0.00981216,-8.8994e-05,-6.97316e-06,0.000374195,-0.000102497,-7.02402e-05,2.27416e-05,-5.84884e-05,-0.000114249,1.09383,0.00196302,76,211,-0.00378489,0.000173282,5.6079,-11.2477,5.60756,-11.2472
0.997184,-4.25865,-0.0113313,-0.000144438,1.78136e-05,-4.30953e-06,-0.000106475,-8.76492e-05,3.30266e-05,-6.27203e-05,-0.000131404,0.924223,0.00191958,83,211,-0.00292429,0.0001749,5.4984,-11.2866,5.50132,-11.2856

